<?xml version="1.0" encoding="UTF-8"?>
<project-private xmlns="http://www.netbeans.org/ns/project-private/1">
    <editor-bookmarks xmlns="http://www.netbeans.org/ns/editor-bookmarks/2" lastBookmarkId="0"/>
    <open-files xmlns="http://www.netbeans.org/ns/projectui-open-files/2">
        <group>
            <file>file:/root/NetBeansProjects/Tienda_Musica/src/app/view/HomeFrame.java</file>
            <file>file:/root/NetBeansProjects/Tienda_Musica/src/app/view/LoginFrame.java</file>
            <file>file:/root/NetBeansProjects/Tienda_Musica/src/app/view/FrameEmpleado.java</file>
        </group>
    </open-files>
</project-private>
